"","ID","Description","setSize","enrichmentScore","NES","pvalue","p.adjust","qvalue","rank","leading_edge","core_enrichment"
"GO:0008544","GO:0008544","epidermis development",50,0.831636426934595,2.77370306162879,2.37397649081252e-17,6.23168828838286e-14,6.17233887611254e-14,51,"tags=44%, list=2%, signal=44%","KRT16/KRT6B/KRT71/KRT6A/KRT14/KRT17/KRT5/FLG2/CALML5/DSP/KRT9/FLG/CDSN/KRT2/YBX1/CTNNB1/KRT1/KRT10/CSTA/CASP14/CASP3/FABP5"
"GO:0045103","GO:0045103","intermediate filament-based process",24,0.897005809443494,2.57098440744023,1.28797046259357e-12,6.76184492861624e-10,6.69744640548656e-10,188,"tags=67%, list=7%, signal=63%","KRT16/KRT6B/KRT71/KRT6A/KRT14/KRT17/KRT5/DSP/KRT9/NES/KRT2/KRT1/KRT10/SYNC/DES/VIM"
"GO:0019755","GO:0019755","one-carbon compound transport",11,-0.81891157002258,-2.03916163284625,0.000106807771027101,0.0186913599297426,0.0185133469780308,221,"tags=82%, list=8%, signal=76%","CA2/CA4/HBA2/RHAG/HBB/SLC4A1/AQP1/HBG1/HBD"
"GO:0018149","GO:0018149","peptide cross-linking",12,0.832285808041164,1.97303205955159,0.000189243981603882,0.0293979293513577,0.0291179490718209,282,"tags=67%, list=10%, signal=60%","DSP/FLG/KRT2/KRT1/KRT10/CSTA/COL3A1/ANXA1"
